{
    "//":"//开头的的都是注释，不要动，剩下的都按要求改自己的",
    "//user_id":"↓↓↓  你的USERID，去除双引号  ↓↓↓",
    "user_id":123456789,
    "//bot_token":"↓↓↓  你的机器人TOKEN  ↓↓↓",
    "bot_token":"123456789:ABCDEFGSHSFDASDFAD",
    "//api_id":"↓↓↓  https://my.telegram.org 在该网站申请到的id  ↓↓↓",
    "api_id":"456423156",
    "//api_hash":"↓↓↓  https://my.telegram.org 在该网站申请到的hash  ↓↓↓",
    "api_hash":"ASDFAWEFADSFAWEFDSFASFD",
    "//proxy":"↓↓↓  使用代理改成true，不使用下方带proxy的不用动  ↓↓↓",
    "proxy":false,
    "//proxy_type":"↓↓↓  socks5或者http  ↓↓↓",
    "proxy_type":"socks5", 
    "//proxy_add":"↓↓↓  代理IP地址例如：192.168.99.100  ↓↓↓",
    "proxy_add":"192.168.99.100", 
    "//proxy_port":"↓↓↓  代理端口，不需要双引号例如 5890  ↓↓↓",
    "proxy_port":5890,
    "//proxy_user":"↓↓↓  代理的username,有就改，没有就不要动  ↓↓↓",
    "proxy_user":"代理的username,有则填写，无则不用动",
    "//proxy_password":"↓↓↓  代理的密码,有则填写，无则不用动  ↓↓↓",
    "proxy_password":"代理的密码,有则填写，无则不用动",
    "//StartCMD":"↓↓↓ 是否开启CMD命令，开启改成true  ↓↓↓",
    "StartCMD":false
}